163,Aaliyah,24.44,59.72,50.41,11.90,8.46,1405.62
780,Aaniyah,16.08,59.32,78.82,97.67,23.29,800.81
649,Aarya,50.36,30.13,1.27,0.03,0.03,1516.35
931,Abigail,49.14,36.74,81.13,38.59,31.74,1717.34
136,Ada,28.94,44.38,5.16,37.08,33.88,1276.27
731,Adalee,36.88,26.29,34.74,86.09,87.01,935.83
509,Adaleigh,32.16,45.94,9.25,69.83,80.08,1478.56
275,Adalind,32.32,37.69,39.83,25.39,22.04,1174.93
346,Adaline,11.63,22.75,7.40,84.44,38.72,211.57
592,Adalyn,26.58,27.08,87.76,61.43,13.99,584.65
616,Adalynn,11.35,31.18,49.82,0.63,35.62,339.09
84,Addalyn,15.67,43.95,54.62,11.56,86.13,708.81
968,Addison,37.04,34.76,3.70,93.73,32.63,1222.76
973,Addisyn,30.85,39.38,70.60,72.62,86.65,1158.29
427,Adelaide,27.88,44.50,15.59,66.82,32.23,1190.54
860,Adelia,34.82,48.40,94.50,90.92,17.18,1517.33
93,Adella,21.64,40.65,8.96,76.94,76.01,869.67
975,Adelyn,38.46,39.10,37.97,2.07,84.63,1548.17
980,Adelynn,17.13,55.86,82.16,70.01,82.37,887.22
475,Adilene,12.71,47.89,89.66,50.01,92.35,561.47
685,Adilynn,13.77,55.20,75.29,68.34,97.89,714.56
944,Adira,52.52,30.13,26.67,65.70,57.18,1547.37
5,Adley,34.64,39.99,67.82,86.12,85.21,1316.66
733,Adriana,12.41,36.99,56.41,88.13,73.21,387.54
359,Adrianna,40.42,31.37,0.86,4.14,88.86,1351.99
96,Adrienne,20.55,48.88,75.96,42.17,78.05,964.34
745,Aila,35.98,35.49,41.06,42.14,38.25,1232.23
933,Ailani,38.58,55.50,50.00,9.64,27.32,2108.87
86,Ainsley,55.83,32.27,97.82,67.65,30.60,1666.86
501,Aislinn,14.89,35.02,54.95,30.00,21.75,458.15
790,Aislynn,44.40,30.25,89.29,82.05,69.38,1241.02
343,Aitana,47.50,52.37,56.76,3.35,72.48,2499.73
890,Aiyana,36.57,26.62,25.28,29.68,97.77,1016.23
588,Alaia,34.02,20.73,55.98,43.78,92.80,698.11
909,Alana,23.94,51.09,45.30,32.99,22.56,1167.49
960,Alani,14.71,46.21,49.00,20.96,43.33,653.01
521,Alanna,49.75,23.51,62.28,76.16,18.91,1050.29
79,Alaya,38.76,52.76,27.69,45.96,4.81,1976.35
740,Alayah,15.94,45.64,69.31,10.76,70.54,718.17
377,Alayna,52.38,33.00,30.03,29.46,91.01,1760.10
753,Aleigha,13.65,38.12,38.10,36.22,0.60,446.74
360,Alejandra,16.94,28.38,76.75,28.25,27.20,402.98
170,Alena,47.76,51.01,17.85,51.19,94.41,2461.36
354,Alexa,51.96,30.42,24.23,26.63,94.14,1623.71
547,Alexandria,59.97,46.42,76.80,80.52,53.04,2679.56
129,Aleyah,44.29,47.51,91.31,98.86,24.88,1939.07
452,Alia,12.19,30.11,69.65,57.04,66.36,306.63
408,Aliana,46.47,40.50,57.65,15.88,6.79,1815.44
770,Alianna,32.52,46.06,62.23,96.12,15.74,1355.48
579,Alice,43.12,38.97,87.70,79.02,63.45,1577.06
149,Alina,39.06,41.53,27.46,68.43,79.35,1605.49
877,Alisa,41.88,24.16,46.83,16.68,19.93,968.04
651,Alisha,39.16,39.00,33.60,25.55,92.24,1560.55
122,Alison,41.31,34.81,11.55,71.95,65.27,1419.83
527,Alisson,52.86,42.66,2.30,35.52,90.46,2307.94
948,Alivia,52.67,38.92,77.36,30.08,79.70,2022.13
555,Aliya,58.88,42.86,20.28,11.37,88.95,2580.70
59,Aliyah,21.25,28.35,36.99,65.41,29.90,529.97
657,Aliyana,45.47,42.17,45.85,68.36,18.13,1821.26
727,Aliza,58.30,32.24,38.23,71.87,32.15,1801.73
755,Allie,19.14,59.93,13.90,86.85,74.04,1120.49
668,Allison,14.62,51.37,4.10,50.34,61.61,758.23
885,Althea,18.59,59.34,90.22,45.72,22.81,990.19
913,Alyson,20.81,34.31,75.58,84.02,65.98,620.19
766,Alyssa,13.09,44.04,20.28,2.71,91.47,645.09
899,Alyvia,55.02,32.81,9.12,31.89,15.00,1779.04
95,Amaia,40.43,24.44,3.67,70.57,87.58,1001.43
469,Amalia,10.44,51.01,66.62,20.69,71.71,517.11
872,Amanda,27.80,35.57,64.99,71.13,52.02,904.84
269,Amani,29.25,22.79,61.98,67.83,93.56,630.32
495,Amara,35.09,47.08,30.01,60.14,14.89,1576.67
234,Amaria,41.32,48.37,76.50,21.45,2.32,1903.15
235,Amaris,53.82,43.86,0.11,24.55,9.81,2345.79
796,Amaya,43.99,37.36,23.56,69.57,14.41,1564.79
222,Amelia,47.53,53.37,91.59,5.41,73.07,2512.72
886,Amelie,46.41,26.78,81.90,72.57,72.43,1160.55
159,America,31.94,44.57,24.20,3.08,68.62,1464.74
816,Amethyst,28.92,38.27,89.59,44.59,85.82,1058.44
320,Amia,38.20,21.58,5.13,66.20,9.52,762.40
842,Amiah,27.98,20.50,7.07,41.69,12.34,537.09
583,Amina,29.64,23.44,23.70,81.78,17.07,606.30
324,Aminah,53.76,24.28,72.02,48.66,65.30,1250.23
972,Amiracle,16.75,52.15,75.80,82.08,11.27,726.87
437,Amiyah,51.55,41.80,94.47,0.19,43.37,2103.55
329,Amora,34.87,38.82,55.95,11.10,20.03,1306.77
42,Amy,48.64,36.28,85.99,82.93,58.97,1654.51
554,Ana,33.03,37.06,90.13,84.42,68.26,1117.56
312,Anabella,17.51,57.42,40.42,96.79,96.17,964.03
568,Anabelle,44.39,21.33,96.18,69.59,95.20,876.40
805,Anais,24.30,56.61,6.13,87.31,80.85,1362.88
465,Analia,41.69,46.46,86.09,83.43,36.98,1804.12
172,Analiah,21.16,44.44,27.81,46.83,69.14,934.76
698,Analise,47.51,41.66,58.25,21.03,50.84,1950.67
233,Anastasia,23.52,32.68,36.82,5.43,49.71,775.94
560,Anaya,30.90,56.03,11.32,65.18,86.92,1741.74
294,Anayah,44.19,21.82,72.40,39.56,31.80,883.88
581,Andi,54.27,55.02,20.07,90.79,82.60,2957.47
36,Andie,18.40,36.81,86.43,17.67,58.79,631.89
349,Andrea,31.62,56.94,82.93,3.80,72.59,1786.48
203,Angel,14.89,49.98,33.99,86.14,93.42,717.22
964,Angela,25.94,59.16,55.79,44.89,78.56,1512.54
545,Angelina,55.84,21.12,87.76,30.84,20.04,1080.83
165,Ania,18.50,47.06,20.96,44.28,82.80,887.98
864,Anika,40.07,24.92,89.91,47.56,41.24,902.49
669,Aniyah,12.56,31.47,51.04,79.41,48.74,313.50
483,Anja,42.12,58.89,1.90,96.79,71.05,2453.17
722,Annabelle,19.11,44.90,98.13,94.39,55.11,720.49
426,Annalee,55.94,26.30,37.89,44.96,57.49,1445.97
69,Annaliese,28.96,43.51,11.45,19.99,98.08,1326.57
607,Annalise,24.47,21.11,20.46,64.56,33.23,464.72
904,Annelise,40.69,30.88,28.43,80.20,10.08,1157.82
368,Annie,31.34,33.92,10.81,14.57,38.55,1076.20
935,Annika,51.99,51.39,25.12,12.77,19.09,2653.25
763,Ansley,33.33,58.45,80.11,10.05,29.33,1887.43
401,Anya,55.49,45.62,46.24,6.50,94.20,2572.70
628,Arabella,13.79,45.34,28.59,5.19,9.34,600.73
819,Araceli,39.69,39.23,60.23,21.52,42.35,1517.46
976,Aranza,13.11,22.12,61.02,61.06,11.50,179.46
10,Areli,52.47,34.51,80.61,32.42,97.91,1795.43
300,Arella,52.70,30.93,78.45,7.81,7.08,1551.06
811,Arely,31.19,50.23,29.53,6.36,20.68,1551.46
781,Ari,11.81,53.87,44.27,13.52,13.62,591.89
230,Aria,36.03,56.11,25.23,28.59,31.63,1999.43
716,Ariadna,51.19,37.35,40.36,64.57,68.75,1875.74
575,Ariadne,20.71,47.49,34.43,91.92,34.24,891.42
956,Ariah,21.66,46.36,19.98,48.35,65.01,1000.84
341,Ariana,13.10,52.97,51.72,78.10,86.48,650.47
862,Arianna,50.02,51.42,88.26,16.34,46.67,2514.15
67,Ariel,44.01,28.86,27.09,61.36,51.35,1233.02
52,Ariella,28.55,29.54,60.01,7.73,34.85,810.54
851,Arielle,13.22,41.70,18.30,43.91,28.32,517.32
609,Ariya,53.24,23.87,81.97,1.50,1.67,1189.22
492,Ariyana,50.79,35.54,72.26,6.52,98.41,1824.75
432,Arlette,43.73,37.57,46.79,38.22,41.27,1599.06
897,Armani,38.23,26.08,98.78,94.99,70.22,873.55
673,Arya,38.57,54.29,48.95,12.56,94.86,2127.37
347,Ashlyn,57.56,48.27,32.17,34.85,87.92,2799.49
880,Aspen,59.69,59.16,6.98,93.81,64.77,3495.22
761,Aspyn,15.11,32.89,15.39,49.19,36.42,468.70
720,Astrid,55.83,45.13,93.66,63.42,82.95,2445.86
567,Athena,40.85,28.90,70.91,50.19,98.49,1157.94
155,Aubree,24.96,58.63,66.02,34.94,23.37,1386.07
815,Aubrey,57.96,32.04,36.40,57.39,23.11,1786.14
459,Aubriella,18.07,23.16,29.02,16.03,19.67,393.16
831,Aubry,39.63,33.84,87.43,21.80,45.63,1277.48
742,Aubryn,39.88,54.66,55.44,60.03,25.99,2090.22
597,Aurelia,51.42,40.51,36.52,0.16,84.78,2130.97
232,Aurora,52.94,21.28,26.59,5.62,29.98,1124.31
640,Austyn,46.02,42.25,11.09,2.76,10.93,1941.51
92,Autumn,27.67,24.02,61.19,57.97,78.16,623.64
355,Avah,49.88,31.75,14.55,91.90,92.67,1569.80
265,Avalee,38.62,26.15,21.28,6.34,85.28,1067.74
425,Avalynn,57.98,27.40,12.54,63.80,31.47,1543.44
175,Averie,30.64,38.85,44.94,45.08,82.86,1183.24
479,Avery,26.29,45.96,64.56,8.86,31.06,1166.06
600,Avi,17.97,31.00,89.33,23.67,45.34,489.42
317,Aviana,12.97,39.91,90.68,13.25,15.17,428.86
156,Avianna,50.86,41.01,28.81,88.63,56.81,2025.05
319,Aviva,24.59,27.76,33.59,59.42,36.49,626.00
214,Aya,36.08,59.15,28.86,28.70,20.92,2097.43
140,Ayana,15.12,34.51,71.25,14.00,9.88,446.58
809,Ayla,47.15,25.28,71.68,89.08,49.03,1080.43
807,Ayleen,27.66,38.08,61.86,16.62,90.12,1064.80
242,Azalea,38.14,32.26,64.11,63.92,74.29,1176.61
986,Azariah,25.63,42.57,74.46,94.74,77.15,998.91
850,Azeneth,44.09,27.90,20.68,38.05,71.98,1243.17
580,Barbara,39.34,56.43,64.72,87.14,80.91,2149.39
542,Baylee,34.05,26.38,17.06,74.12,88.87,896.04
506,Beatriz,27.66,21.72,89.14,71.48,44.37,484.49
878,Belen,23.70,58.31,47.75,47.52,28.27,1314.60
9,Bella,50.64,29.66,29.82,30.13,98.02,1539.73
544,Bellamy,59.25,23.46,3.62,12.16,46.64,1420.91
404,Belle,35.61,28.87,22.85,23.09,62.25,1044.31
925,Berkley,53.33,59.95,29.05,73.28,30.16,3125.18
992,Bexleigh,22.93,38.56,72.13,40.52,60.41,831.77
613,Bexley,29.14,43.65,62.23,30.93,26.34,1205.06
238,Bianca,36.73,47.82,86.23,76.59,77.52,1671.35
655,Blair,22.46,52.00,96.53,98.90,6.07,978.46
663,Blake,55.57,49.37,43.25,85.02,20.59,2635.82
376,Blakely,43.15,27.81,76.17,26.97,85.70,1182.70
91,Bonnie,15.49,40.26,98.24,48.39,27.17,504.01
439,Braelyn,51.93,52.60,53.21,26.58,28.44,2680.34
369,Braylee,47.14,35.97,49.61,38.34,5.92,1613.32
417,Bree,10.12,50.24,50.35,76.43,42.60,423.98
723,Brenda,41.29,26.31,36.48,11.41,59.19,1097.56
310,Brenna,48.59,54.43,75.60,58.21,30.17,2540.96
826,Bri,31.67,59.00,90.63,91.95,9.22,1695.26
912,Bria,10.49,44.89,24.13,14.01,51.45,484.34
845,Brianna,27.44,52.31,22.96,21.66,96.63,1487.32
177,Bridget,26.35,30.27,42.18,62.31,65.47,758.57
468,Bridie,55.72,26.72,3.01,8.29,78.49,1555.77
245,Briella,11.61,50.18,97.52,59.59,22.24,447.92
696,Brielle,48.45,20.44,70.21,54.71,17.38,882.84
556,Brinley,48.78,25.07,44.14,52.93,22.41,1148.31
110,Briseis,50.66,35.38,22.40,87.74,74.16,1756.18
684,Bristol,47.55,32.99,21.41,24.80,44.74,1567.02
539,Brittany,17.85,51.65,94.23,92.59,57.94,793.15
566,Brooke,41.61,54.03,77.16,46.85,53.45,2178.09
788,Brooklynn,52.06,52.36,63.54,1.78,12.31,2672.91
423,Bryn,12.84,22.38,90.43,42.66,74.25,228.40
440,Brynlee,49.77,54.42,3.13,32.21,10.98,2684.01
218,Brynn,31.44,22.38,58.28,84.56,53.47,614.41
457,Cadence,59.27,59.75,86.02,13.34,79.68,3521.69
635,Cali,54.50,40.52,47.72,63.30,50.64,2147.94
99,Calista,25.04,52.89,76.08,32.28,62.86,1278.54
789,Calla,41.28,37.58,50.74,14.52,11.03,1497.09
830,Callan,36.47,53.96,54.38,58.92,52.59,1907.44
182,Callie,46.14,53.19,18.97,75.97,88.35,2447.84
644,Cambria,26.25,48.14,67.78,18.00,75.88,1253.89
941,Cambrie,57.78,40.70,38.50,24.71,85.53,2374.40
394,Camila,34.69,33.27,24.99,93.57,57.53,1093.13
524,Camilla,11.66,40.69,93.26,52.44,4.82,333.56
817,Camille,56.43,21.07,58.70,40.79,22.51,1112.20
785,Carleigh,53.26,53.70,20.67,8.70,94.32,2924.80
388,Carmen,33.85,57.38,95.09,38.01,17.00,1826.43
143,Carol,59.41,21.66,30.63,6.16,29.20,1279.19
219,Carolina,53.77,57.13,2.83,63.37,30.25,3035.78
191,Caroline,46.32,49.93,13.08,86.94,1.14,2213.62
558,Carter,24.35,54.77,30.69,23.77,66.00,1345.17
741,Cassidy,17.68,31.97,1.02,87.48,47.18,524.05
47,Cassie,47.62,37.52,59.00,27.75,18.20,1717.75
385,Cataleya,32.91,23.42,52.71,21.79,89.11,785.30
201,Catalina,17.35,48.73,75.07,46.44,28.58,752.49
586,Catherine,57.27,26.58,92.25,96.99,87.23,1420.33
261,Caylee,59.71,41.12,90.77,58.43,6.31,2312.09
719,Cayleigh,21.01,56.69,9.73,8.51,12.50,1185.40
694,Cayley,37.50,54.08,45.15,68.08,25.65,1940.67
618,Cecelia,14.55,30.85,91.75,0.80,65.42,421.73
810,Cecilia,53.15,59.54,94.87,55.36,19.81,3034.30
224,Celeste,35.66,27.52,78.51,51.58,34.81,886.03
384,Celina,49.35,30.67,99.73,0.22,68.08,1481.82
132,Celine,21.61,52.91,48.22,74.56,60.69,1081.45
541,Chana,45.57,54.38,94.46,20.86,17.54,2380.25
920,Chanel,50.16,21.10,37.20,8.13,51.74,1064.71
273,Charlee,10.32,35.93,3.64,72.86,55.80,350.19
416,Charleigh,44.89,47.62,89.99,44.63,95.55,2098.19
76,Charley,27.07,43.11,12.14,96.86,89.31,1147.39
892,Charlie,46.14,59.18,50.41,9.50,67.76,2738.48
207,Charlotte,10.84,37.43,78.63,43.21,39.40,323.35
656,Chaya,20.72,57.89,98.67,61.77,27.76,1067.01
17,Cherish,48.64,59.92,58.16,14.75,31.06,2872.89
671,Christina,30.32,48.33,4.40,48.12,27.71,1440.48
947,Christine,37.30,25.35,31.17,23.54,24.30,915.24
213,Ciara,54.60,21.48,41.15,66.29,97.21,1162.88
779,Cindy,12.14,36.77,61.74,10.51,49.42,423.65
614,Claire,46.48,42.60,56.66,47.21,89.88,1966.05
138,Clara,52.01,29.60,37.83,14.13,20.96,1508.34
967,Clare,21.07,38.64,24.50,75.99,71.91,785.74
431,Clarissa,35.30,34.67,81.83,90.45,4.25,1055.84
591,Claudia,24.43,21.85,33.70,22.99,6.69,483.69
458,Clementine,19.37,34.24,59.37,21.64,90.05,672.13
33,Coco,26.51,21.07,48.95,12.82,87.49,584.34
735,Colette,11.14,35.92,16.68,73.13,19.77,330.06
204,Colleen,28.43,27.54,41.44,34.92,65.23,771.63
116,Collins,42.10,21.81,7.40,70.49,66.17,906.24
638,Cora,49.84,56.35,33.27,50.07,35.01,2760.03
553,Coraline,24.97,34.58,70.71,23.89,66.02,834.87
481,Coralynn,41.97,41.16,9.58,29.69,2.85,1691.13
921,Cordelia,57.95,46.30,34.22,60.27,4.44,2592.65
922,Crystal,40.97,42.22,65.67,62.17,2.90,1604.98
601,Cynthia,22.21,47.00,99.65,37.31,30.44,937.17
881,Dahlia,41.24,57.60,40.19,37.81,30.89,2328.48
802,Daisy,13.12,34.04,92.38,63.98,9.40,299.57
905,Dakota,22.79,42.06,74.77,10.61,93.66,966.83
397,Dalary,11.60,27.39,36.02,72.08,26.73,236.38
632,Daleyza,48.89,40.44,24.44,82.65,50.97,1921.25
611,Dalia,17.79,58.06,25.00,98.26,5.97,915.70
926,Dalilah,47.21,42.02,40.21,64.35,35.43,1914.71
752,Dani,25.28,46.95,28.15,57.43,48.37,1149.57
383,Danica,18.95,57.25,38.82,39.87,46.86,1053.32
765,Daniela,19.58,34.51,16.43,93.11,10.40,576.43
540,Daniella,42.92,40.70,10.02,34.16,40.11,1742.97
930,Danielle,32.17,25.03,68.49,3.33,50.73,784.27
907,Danna,44.18,43.26,22.24,79.79,93.24,1902.61
186,Daphne,18.62,36.16,73.50,39.89,12.10,572.20
928,Darcy,54.91,35.90,34.80,85.22,52.76,1904.04
982,Davina,50.42,23.90,8.07,58.09,3.04,1141.86
486,Dayanara,19.60,51.94,56.44,42.25,54.30,973.77
508,Deanna,53.73,28.34,67.31,27.10,15.96,1444.42
282,Deborah,28.96,26.98,11.24,49.12,24.49,745.43
636,Delaney,26.21,46.95,48.91,48.93,81.96,1214.74
351,Delia,40.13,51.23,45.49,68.58,67.25,2009.47
66,Delilah,53.09,53.64,85.87,54.14,36.11,2743.76
293,Della,29.47,29.49,87.83,42.41,22.68,761.52
278,Demi,40.37,45.78,30.49,35.54,13.35,1795.50
429,Denise,32.72,57.55,94.58,92.65,63.32,1758.88
267,Desiree,30.84,35.79,44.22,41.32,16.73,1034.70
216,Destinee,42.43,56.95,83.88,53.66,41.72,2320.19
148,Destiny,13.94,55.42,6.73,21.06,88.14,832.83
446,Devin,56.54,45.80,30.73,33.45,81.55,2606.92
995,Devyn,17.70,52.64,38.02,83.80,55.02,865.13
23,Diamond,56.17,34.82,14.11,65.63,24.07,1900.35
151,Diana,41.21,48.43,45.82,8.50,85.90,2027.68
57,Dorothy,54.57,45.28,0.36,60.56,6.78,2416.81
444,Dulce,37.82,44.51,23.13,39.43,6.30,1627.29
693,Dylan,58.10,36.06,35.48,47.84,72.49,2084.35
288,Eden,57.05,27.67,26.97,87.70,12.42,1476.65
737,Edie,13.77,34.19,91.74,30.33,10.43,359.21
104,Edith,50.24,22.19,59.36,14.32,83.68,1125.15
135,Effie,28.75,28.42,86.91,18.29,41.28,753.10
75,Eileen,35.96,32.21,4.10,32.33,15.73,1137.41
664,Eisabella,58.92,36.66,28.45,66.94,85.79,2150.43
48,Eisley,10.81,26.45,26.39,37.69,39.76,261.56
910,Elaina,29.25,25.73,64.64,25.96,44.90,706.97
705,Eleanor,52.54,51.70,74.38,10.69,60.54,2691.80
697,Eleanore,53.77,28.10,84.61,87.60,62.37,1401.11
433,Elena,57.53,28.53,22.41,18.87,58.01,1658.18
747,Elia,24.65,57.73,92.42,95.82,27.63,1262.21
246,Eliana,52.80,48.34,70.66,3.92,23.63,2501.51
989,Elin,59.45,43.11,39.17,21.80,40.60,2542.62
706,Elina,27.30,32.57,54.00,4.59,33.13,863.90
889,Elinor,12.71,45.79,9.58,45.28,15.80,542.81
127,Eliora,10.09,41.46,8.35,53.04,28.62,385.40
115,Elise,42.63,48.85,24.65,61.32,12.25,2008.86
827,Eliza,10.60,20.09,68.10,82.20,36.15,98.73
121,Elizabeth,29.84,27.62,8.19,99.68,10.75,727.01
759,Ella,16.42,35.30,39.36,36.96,5.84,509.34
608,Elleanna,27.83,23.83,33.55,78.60,9.52,560.49
777,Ellen,28.64,36.05,50.85,93.00,38.46,927.04
623,Elliana,50.38,57.37,74.75,66.79,29.61,2778.22
53,Ellie,42.63,58.96,61.79,22.66,76.48,2505.30
589,Elliot,34.16,57.30,67.55,86.75,98.35,1901.58
955,Elliott,48.72,34.84,31.01,57.52,14.33,1623.18
16,Ellis,32.84,25.05,12.12,32.76,49.93,827.66
489,Ellison,12.87,38.24,87.33,23.36,52.27,433.52
876,Elodie,17.39,42.90,80.68,64.28,57.73,658.66
502,Eloise,54.88,33.69,67.19,89.31,90.16,1782.63
85,Elora,51.78,40.66,81.63,64.08,28.46,1988.01
169,Elsa,20.23,45.04,80.18,36.62,39.68,834.18
493,Elsie,49.36,55.38,96.13,1.79,56.75,2692.46
414,Elyse,30.47,39.75,99.44,18.71,63.03,1155.82
624,Elysia,46.83,35.85,85.93,42.35,19.41,1570.29
911,Elyza,24.76,31.80,83.38,9.02,71.01,765.92
297,Emani,27.12,23.22,13.46,45.62,31.47,601.98
514,Ember,29.88,48.37,65.61,19.63,97.74,1457.80
477,Emeli,51.30,24.05,80.98,82.04,68.91,1139.65
54,Emerie,18.55,27.14,95.94,79.28,86.49,414.57
371,Emerson,25.29,29.19,62.35,48.81,42.85,669.86
74,Emersyn,10.04,47.38,82.69,61.51,49.18,380.49
337,Emery,33.55,21.86,74.10,82.07,27.64,605.04
109,Emilee,41.43,44.14,16.10,17.82,86.28,1880.96
699,Emilia,46.12,36.89,12.17,30.65,98.51,1757.17
776,Emily,35.27,20.37,26.56,59.70,36.09,668.15
128,Emma,16.74,27.09,38.39,29.27,48.78,434.67
353,Emmalyn,35.55,27.46,7.81,59.95,53.88,962.31
498,Emmalynn,37.84,43.29,97.03,55.85,55.01,1540.09
334,Emmarie,47.65,31.94,87.44,55.60,76.03,1454.97
410,Emme,19.32,28.20,90.31,73.09,77.63,459.12
424,Emmeline,54.73,30.92,13.19,29.20,68.53,1718.33
903,Emmerson,10.35,29.49,75.64,46.62,38.68,221.67
58,Emmi,34.80,53.09,28.27,35.22,96.06,1879.99
327,Emmie,16.85,45.17,56.35,83.72,22.51,643.53
366,Emory,34.70,50.64,54.19,57.11,45.86,1691.84
64,Eowyn,46.94,43.02,52.91,34.59,61.06,1992.84
692,Erika,44.59,58.52,29.18,31.25,31.11,2579.92
145,Esme,57.88,31.84,39.28,91.47,92.93,1805.37
157,Esmeralda,32.27,45.02,98.50,26.62,54.66,1382.65
687,Estefania,27.41,29.99,56.11,80.73,83.48,768.49
249,Estella,14.50,25.40,6.71,90.54,80.41,351.32
797,Esther,20.42,41.23,31.42,37.94,11.45,783.80
833,Estrella,15.04,47.50,69.24,65.68,44.25,623.69
661,Eva,45.70,35.23,81.47,46.62,97.78,1579.72
374,Evalyn,26.88,52.89,50.88,79.73,69.19,1360.14
451,Evalynn,59.77,23.86,41.97,35.36,19.91,1368.92
625,Evan,30.25,56.44,17.35,90.00,84.01,1684.02
804,Evangeline,49.34,59.82,65.18,88.54,0.91,2798.68
119,Evelina,29.30,45.28,93.29,39.41,78.47,1272.57
630,Evelyn,45.23,21.15,41.46,57.12,49.89,907.62
639,Evelynn,43.61,22.78,83.61,69.64,42.43,882.50
599,Everleigh,24.31,43.65,18.76,27.30,40.77,1055.92
154,Everlie,25.82,26.15,44.53,83.50,95.96,643.12
296,Everly,19.74,50.64,18.71,0.64,65.97,1046.47
531,Faith,23.44,52.16,17.22,60.37,46.62,1191.45
37,Fallon,24.55,59.75,18.34,87.36,43.98,1405.09
688,Felicia,44.67,24.15,65.94,85.37,80.23,1007.93
306,Felicity,13.06,55.39,8.26,5.79,57.59,766.93
857,Fernanda,48.93,50.77,38.01,66.53,45.77,2425.41
985,Finlee,37.77,46.10,24.18,21.66,84.54,1779.50
331,Finley,48.32,51.00,43.57,93.34,81.01,2408.63
326,Fiona,17.76,54.80,43.15,10.43,21.11,940.85
445,Flora,22.63,25.84,97.60,32.27,7.87,462.77
590,Florence,17.36,21.78,0.39,44.67,32.54,365.64
252,Francesca,46.51,48.23,4.49,10.19,65.42,2293.83
794,Freida,15.28,59.16,72.94,64.31,77.41,844.17
681,Freyja,10.89,56.06,30.39,78.93,71.99,573.05
26,Gabriella,13.03,24.76,79.06,38.34,13.16,218.47
749,Gabrielle,18.80,39.84,87.93,73.55,74.03,661.38
1,Gemma,29.31,37.03,73.84,80.87,42.18,972.90
518,Genesis,11.75,35.57,7.45,78.78,10.64,342.20
29,Genevieve,22.57,21.45,12.03,81.02,11.06,402.08
31,Georgia,27.10,41.97,1.57,48.08,16.34,1104.00
56,Giada,28.29,47.42,27.30,46.04,10.78,1278.94
937,Giana,33.54,54.38,57.96,86.43,19.71,1699.20
490,Gianna,50.53,47.44,74.02,19.72,52.66,2355.99
934,Giavanna,22.77,51.82,75.63,63.98,8.59,1048.76
303,Giovanna,30.12,30.19,68.60,46.78,20.20,814.28
710,Giovanni,31.61,54.74,75.17,96.32,80.27,1639.10
484,Giuliana,11.59,22.98,2.20,62.15,78.09,280.22
999,Gloria,12.37,38.44,0.07,23.21,55.92,508.04
666,Gracelyn,25.42,29.33,3.49,69.34,80.06,752.75
834,Gracelynn,45.16,51.45,67.65,80.73,87.46,2262.70
729,Gracen,45.96,31.86,24.86,93.90,28.01,1373.33
126,Gracie,43.87,33.82,4.97,51.77,12.08,1439.03
562,Gracyn,50.79,57.71,49.06,55.49,31.69,2857.81
237,Grecia,33.92,51.03,92.35,69.28,32.15,1601.39
321,Greer,27.11,54.85,35.18,23.35,90.34,1519.14
961,Guadalupe,44.98,47.52,21.61,14.67,13.55,2114.53
333,Gwendolyn,52.73,21.96,12.37,18.53,30.93,1158.19
491,Gwenyth,22.13,46.84,73.27,41.21,67.49,989.64
332,Hadassah,13.26,41.80,33.57,52.41,56.36,524.83
998,Haddie,33.66,24.32,74.66,28.22,58.51,774.27
255,Hadlee,29.72,48.93,39.23,71.37,86.50,1429.96
792,Hadleigh,18.26,59.21,31.65,35.72,31.76,1045.60
732,Hadley,30.30,46.46,25.02,3.29,44.87,1424.47
299,Hailey,53.57,57.77,80.53,11.27,84.77,3087.53
411,Hana,51.49,55.18,33.94,3.00,31.22,2835.40
691,Hanna,17.45,41.01,89.30,50.08,46.94,623.29
953,Hannah,28.21,22.64,57.61,57.92,52.30,575.37
412,Harley,56.60,23.04,68.71,64.14,7.76,1178.79
726,Harlow,11.04,27.29,82.67,74.19,70.41,214.72
247,Harmoni,41.37,20.38,99.75,25.13,12.21,730.17
330,Harmony,25.81,52.98,74.20,90.10,84.10,1286.99
271,Harper,57.62,34.33,35.13,58.54,60.80,1945.27
3,Hattie,42.62,44.52,89.06,30.07,16.22,1794.93
871,Haven,35.99,58.82,1.75,75.26,66.38,2105.98
703,Hayden,30.05,27.41,91.09,91.16,58.01,699.70
593,Hazel,35.78,42.94,72.24,76.92,75.75,1462.94
286,Heather,50.73,41.05,77.75,47.08,41.67,1999.43
281,Heaven,29.37,25.01,12.81,21.53,97.85,798.28
399,Heidi,50.49,49.51,82.60,34.75,44.97,2427.28
549,Helen,50.12,59.54,44.15,25.74,93.26,3007.26
795,Hensley,57.18,35.58,53.45,12.46,95.26,2063.81
773,Holland,35.70,43.32,60.89,12.75,66.99,1539.97
513,Hope,45.03,48.83,59.99,95.91,51.26,2094.14
641,Ila,56.27,25.88,12.56,56.58,85.47,1472.45
848,Iliana,13.51,48.06,95.20,20.02,39.95,573.86
362,Iris,14.93,37.04,45.99,46.16,98.91,559.61
736,Isabela,38.65,32.12,43.08,42.31,22.64,1178.44
98,Isabella,43.63,54.27,55.71,54.25,90.09,2348.10
44,Isabelle,47.64,38.29,27.54,92.43,75.28,1779.60
485,Isis,43.86,44.24,89.35,79.03,43.95,1815.99
206,Isla,44.37,41.89,25.54,87.55,90.10,1835.88
724,Itzel,25.81,56.69,32.96,1.01,22.26,1451.60
88,Ivy,34.10,44.45,26.76,51.80,43.62,1480.79
702,Iyla,18.39,43.13,78.34,51.24,35.17,698.68
522,Izabella,42.89,20.25,93.89,93.26,7.25,688.53
988,Jacqueline,58.61,22.58,87.02,89.43,92.55,1239.79
68,Jada,41.61,58.00,77.56,15.77,34.45,2354.65
730,Jade,25.77,26.61,54.18,28.22,90.92,694.17
746,Jaelyn,31.16,42.48,31.61,31.56,27.07,1287.78
938,Jaliyah,48.82,49.09,45.40,39.42,27.05,2338.40
647,Jalyn,11.00,52.26,51.42,45.61,45.28,523.03
185,Janae,18.88,50.07,15.83,70.57,91.33,950.22
450,Jane,26.36,31.61,60.47,48.77,91.70,815.91
507,Janelle,35.68,20.48,82.81,82.48,28.39,593.68
277,Janessa,40.57,22.40,68.08,81.88,13.51,772.28
476,Janiya,41.64,48.61,42.65,10.12,2.48,1973.78
969,Janiyah,41.27,36.09,82.89,50.28,84.32,1440.70
917,Jasmin,24.94,52.13,45.51,91.07,57.96,1221.29
757,Jasmine,12.80,29.99,78.23,57.88,34.95,282.81
942,Jayda,47.23,49.11,14.17,16.60,89.66,2378.67
627,Jayla,47.66,51.38,14.18,32.66,32.98,2435.11
799,Jaylah,16.40,35.93,27.69,17.39,26.25,570.54
709,Jayleen,34.35,42.46,2.48,36.68,23.34,1442.59
25,Jazlyn,19.80,26.57,30.56,31.09,99.81,564.18
406,Jazlynn,18.35,53.61,33.29,15.27,46.30,981.40
504,Jazmine,26.39,54.95,68.09,91.30,41.32,1331.85
43,Jenesis,37.89,37.30,66.63,17.39,37.06,1366.33
193,Jenna,24.91,42.70,87.48,51.98,73.65,997.77
869,Jennifer,12.82,52.42,82.35,67.24,93.35,615.99
283,Jessica,27.94,27.74,90.85,12.04,32.76,704.92
188,Jessie,13.50,54.48,20.90,83.86,74.25,705.12
361,Jewel,41.78,48.34,25.87,97.83,5.12,1900.92
70,Jianna,46.09,57.44,19.73,23.29,88.91,2693.75
415,Jill,23.46,46.22,57.83,89.85,91.16,1027.56
268,Joanna,18.92,49.60,83.93,26.74,17.30,845.22
6,Jocelyn,33.02,22.59,56.72,58.81,53.54,683.88
813,Jocelynn,27.00,54.88,10.25,86.94,11.81,1396.13
994,Johanna,17.79,37.46,70.57,98.56,33.13,530.50
793,Jolie,36.52,58.92,93.51,95.24,25.56,1988.79
939,Jordan,11.41,35.10,14.88,33.27,57.43,409.75
336,Jordynn,52.56,25.93,46.66,69.12,74.88,1322.09
108,Jorja,17.50,34.58,8.62,5.71,83.42,674.34
386,Joselyn,44.56,47.24,93.22,71.73,12.48,1952.53
534,Josephine,49.11,40.68,36.50,57.66,11.21,1915.06
821,Josie,52.64,58.64,83.13,42.93,47.28,3008.04
443,Joslyn,20.77,47.55,15.32,73.13,53.25,952.29
220,Josslyn,54.36,51.55,83.68,34.32,72.94,2756.85
548,Journee,16.76,50.21,99.11,54.97,37.13,724.78
339,Jovie,16.23,28.82,0.61,8.66,8.36,466.96
603,Joy,15.98,37.74,31.91,18.75,79.35,631.72
77,Joyce,57.74,52.26,43.68,96.78,34.19,2911.36
783,Judith,42.64,21.49,67.47,72.32,7.61,784.30
124,Julia,32.46,57.56,22.34,18.42,74.67,1902.59
844,Juliana,31.29,39.17,57.26,88.88,38.60,1117.88
526,Julianna,50.48,50.49,86.39,88.43,57.73,2431.51
382,Julie,41.77,34.16,90.66,44.27,24.28,1316.14
690,Juliet,36.01,21.65,63.28,5.53,75.86,786.77
853,Julieta,34.78,32.47,24.17,13.00,23.30,1115.26
940,Juliette,38.98,38.40,44.72,6.76,57.41,1502.97
472,Julissa,22.24,44.28,18.25,81.71,20.90,905.79
164,June,27.20,40.44,99.85,4.84,67.05,1062.31
292,Juniper,57.60,40.70,56.63,72.58,94.76,2309.96
94,Juno,26.92,50.07,9.92,69.76,32.63,1300.74
617,Kadence,39.74,55.24,51.62,21.60,31.65,2153.77
828,Kaelyn,11.26,38.39,39.21,39.26,90.74,444.36
565,Kaelynn,38.08,57.25,77.61,44.27,78.79,2136.82
686,Kai,39.58,46.89,47.45,54.40,30.61,1784.61
263,Kaia,39.31,49.73,25.37,86.79,71.18,1913.95
648,Kailani,40.87,44.89,79.70,31.14,93.57,1817.51
578,Kailee,27.06,35.34,68.86,39.16,58.37,906.76
45,Kailyn,21.42,20.93,80.43,63.91,34.95,338.91
262,Kaira,19.24,24.56,22.50,82.36,7.37,374.94
700,Kairi,38.16,59.15,74.62,28.46,55.97,2209.80
422,Kaitlyn,41.66,39.16,54.93,4.11,33.41,1605.86
516,Kaiya,47.50,47.44,74.39,88.81,2.82,2092.97
758,Kali,39.65,48.61,50.74,79.55,64.75,1861.75
744,Kaliyah,25.55,45.23,82.66,49.03,57.36,1081.11
751,Kamari,51.63,28.57,23.97,88.10,87.90,1450.98
174,Kambree,56.91,37.30,4.09,9.25,27.53,2136.93
652,Kamila,57.13,33.88,62.74,19.99,16.42,1869.41
517,Kamilah,22.05,31.01,4.93,70.12,13.43,622.18
291,Kamiya,10.39,29.57,76.44,35.45,24.22,219.61
918,Kamiyah,17.07,44.76,19.98,35.78,73.19,781.72
41,Kamryn,20.84,40.09,71.49,49.28,38.66,753.48
81,Karina,51.37,45.17,90.53,8.69,61.46,2282.66
243,Karis,27.35,31.92,35.02,75.18,30.78,793.79
100,Karla,52.40,44.96,43.43,47.89,90.96,2355.42
582,Karlee,14.87,20.40,92.89,49.66,95.74,256.47
352,Karleigh,46.05,40.49,79.67,34.66,2.41,1752.67
178,Karlie,20.46,45.48,19.40,61.48,42.42,892.07
874,Karmen,14.52,22.53,80.76,36.11,19.08,229.44
434,Karolina,17.83,28.36,4.68,45.35,40.79,496.31
738,Karter,30.09,21.37,12.20,40.12,9.55,600.24
596,Kasen,51.81,30.40,36.53,72.67,29.15,1495.02
239,Kashton,20.36,26.70,13.04,20.91,91.41,601.07
950,Kasia,38.43,26.48,92.99,29.21,23.76,919.25
559,Kassandra,15.64,39.78,9.53,8.68,6.41,610.51
405,Kassidy,17.13,26.16,87.66,84.90,62.97,338.34
80,Kataleya,23.45,26.57,8.47,90.74,15.13,539.05
677,Katalina,39.87,44.15,1.19,17.14,48.62,1790.30
315,Kate,15.61,43.87,79.53,53.00,84.21,636.31
786,Katelyn,57.38,50.44,68.05,86.59,22.31,2761.64
367,Katherine,29.28,26.69,12.61,7.63,87.87,849.24
313,Katia,35.98,24.07,36.25,17.49,16.91,829.04
257,Kavya,33.49,34.07,62.00,98.25,17.16,997.85
891,Kaya,25.94,59.62,64.27,74.17,74.07,1482.17
993,Kaydence,14.81,21.30,15.30,85.35,12.21,227.02
83,Kayla,36.31,46.65,89.74,51.28,90.62,1643.63
82,Kaylani,10.45,21.94,71.87,14.58,34.82,177.64
396,Kaylee,47.93,28.39,53.01,26.72,51.65,1332.70
15,Kayleigh,10.24,25.08,77.78,48.89,41.44,171.50
497,Kayley,38.67,22.81,8.19,4.37,6.67,876.13
160,Kaylie,50.16,55.84,20.73,13.56,96.18,2862.73
153,Kaylin,35.94,37.92,49.13,6.51,5.34,1312.59
307,Kehlani,59.11,43.51,35.76,49.40,51.15,2538.11
678,Keilani,21.13,37.72,74.56,48.15,44.37,718.78
825,Keiry,12.18,50.86,72.55,64.04,15.98,498.75
226,Kelly,47.00,41.73,82.89,15.16,34.66,1897.97
2,Kelsey,53.16,54.27,41.65,65.81,35.59,2812.93
428,Kendall,42.40,39.48,63.46,99.28,94.09,1605.60
107,Kendra,19.31,20.60,55.20,11.67,62.96,393.92
832,Kenia,19.69,48.47,90.09,98.46,93.74,859.68
488,Kenley,29.09,41.07,0.39,12.30,57.17,1239.16
421,Kennedi,15.43,37.52,71.04,16.76,6.61,497.93
843,Kennedy,26.72,27.00,41.79,9.31,3.21,673.34
537,Kensington,12.46,22.96,14.33,89.05,2.13,184.66
418,Kenslee,47.02,26.04,57.63,40.85,17.65,1143.66
494,Kensley,59.30,36.27,60.67,77.88,61.83,2074.16
646,Kenzie,38.42,56.06,79.70,48.56,57.96,2083.31
189,Kenzley,54.23,57.16,49.38,72.68,34.79,3012.84
963,Kenzy,36.77,34.58,78.03,9.59,84.56,1268.62
323,Keyla,19.76,20.93,93.47,60.56,43.32,302.82
176,Khaleesi,27.26,40.18,75.82,52.20,28.73,996.15
199,Khloe,55.00,42.11,40.87,63.38,54.74,2266.63
846,Kiana,12.81,52.26,39.07,76.31,54.57,608.81
659,Kiera,32.35,57.55,97.40,70.59,13.09,1706.69
721,Kimberly,47.48,47.49,12.36,56.44,86.12,2272.39
865,Kinley,20.81,43.16,52.07,93.79,50.40,802.48
466,Kinsleigh,21.08,46.51,79.63,21.98,59.20,938.12
60,Kinsley,12.37,28.03,71.45,85.31,30.48,220.47
460,Kinzley,50.94,57.44,11.50,56.59,92.34,2950.17
389,Kira,44.48,24.43,18.37,81.90,0.15,986.53
413,Kora,21.46,47.79,75.89,12.86,85.53,1022.03
464,Kristen,58.12,42.40,69.58,88.34,92.84,2399.08
712,Kristina,28.64,51.73,80.32,75.33,93.77,1419.38
142,Kyla,34.71,40.37,84.24,5.93,32.21,1343.60
784,Kylan,48.74,28.85,58.66,42.23,1.65,1306.86
835,Kylee,28.65,49.35,12.51,12.22,89.08,1478.35
856,Kylie,44.89,31.19,77.67,15.04,38.17,1345.74
240,Kynlee,41.83,40.58,69.51,22.29,99.41,1704.91
463,Kynslee,11.69,39.61,13.12,41.36,89.75,498.17
40,Laila,22.87,54.95,4.15,49.09,95.51,1299.06
499,Lailah,38.55,43.07,17.82,97.31,75.65,1620.65
908,Lakelyn,42.36,34.12,48.11,5.06,58.43,1450.53
272,Lana,11.42,50.87,53.62,17.41,51.19,560.98
760,Laney,36.84,32.67,77.60,77.29,41.76,1090.39
462,Langston,25.79,36.99,55.28,21.82,42.60,919.31
977,Laniyah,40.72,33.65,51.80,70.44,87.34,1335.16
557,Lara,52.96,22.69,25.36,41.33,16.63,1151.71
883,Laura,20.33,25.89,48.65,73.35,26.83,431.17
894,Laurel,27.94,59.34,57.62,57.50,52.24,1595.20
111,Layla,47.12,46.18,62.90,36.44,46.78,2123.48
38,Laylah,16.19,37.60,56.02,31.76,98.38,619.30
340,Laylani,14.32,28.34,63.63,53.68,74.05,362.46
979,Laynie,42.10,57.12,59.43,18.90,64.01,2390.07
966,Leanna,56.29,26.56,14.48,71.82,43.41,1452.32
626,Leela,55.60,32.02,55.35,16.27,75.25,1783.91
101,Leia,10.61,21.11,32.59,22.54,21.02,189.81
572,Leigha,50.52,45.17,2.88,19.92,65.66,2324.84
196,Leighton,45.68,40.43,3.65,3.53,55.82,1895.35
18,Leila,46.23,58.21,82.38,30.77,27.65,2605.63
637,Leilani,44.50,45.36,54.43,49.44,2.98,1917.45
7,Lela,38.92,35.38,7.07,55.12,19.75,1334.42
820,Lena,31.92,26.92,93.02,44.61,79.27,800.80
113,Lennon,49.24,42.49,56.89,80.12,27.65,1983.03
251,Lesly,34.20,47.66,97.43,87.30,93.62,1538.99
322,Lexi,49.90,41.84,46.51,96.76,74.73,2018.93
943,Lexie,14.46,38.15,54.95,67.62,2.75,431.63
112,Leyla,11.61,51.28,38.84,16.54,98.93,638.79
533,Leylah,29.48,55.23,8.47,13.67,75.13,1681.04
73,Leylani,59.06,41.53,74.98,40.54,92.27,2429.61
667,Leyna,57.43,27.20,69.47,59.83,80.73,1513.50
168,Lia,24.53,52.30,51.25,49.39,36.34,1218.85
695,Liah,38.72,58.52,66.97,9.42,31.87,2220.95
762,Liam,11.86,20.98,9.91,23.98,96.40,311.30
959,Liberty,29.62,22.90,43.88,47.47,62.80,649.75
467,Lila,50.14,28.54,96.75,91.54,71.61,1314.16
379,Lilah,38.79,44.96,3.67,91.79,51.07,1699.41
535,Lili,58.73,58.06,25.40,65.56,26.71,3345.42
929,Lilia,55.54,24.28,24.41,34.60,80.02,1369.51
594,Liliana,40.63,53.66,55.02,12.36,92.41,2205.25
990,Lilli,19.42,20.93,28.25,66.56,64.96,376.76
629,Lillian,34.83,54.23,99.37,10.96,17.91,1796.71
158,Lilliana,47.00,41.04,5.18,98.16,43.89,1869.52
223,Lillianna,26.98,36.65,43.20,40.58,73.15,978.06
209,Lillyana,40.19,46.46,32.24,4.00,58.00,1889.34
643,Lillyanna,59.57,25.84,53.04,87.96,27.60,1425.78
442,Lily,49.43,42.61,71.92,26.09,48.69,2056.94
373,Lilyana,44.47,46.50,50.33,4.06,4.81,2018.40
987,Lilyanna,27.76,29.93,65.27,64.28,38.95,740.37
264,Lina,35.95,23.88,36.84,88.59,10.52,743.65
316,Lindsay,34.36,31.66,34.16,84.50,13.10,982.47
97,Lindsey,46.98,22.45,40.91,73.28,3.94,944.65
35,Lindy,31.45,30.29,20.57,54.11,23.96,901.92
718,Lisa,27.43,20.21,92.28,4.40,8.62,466.38
859,Liv,36.48,58.20,62.95,42.48,63.26,2080.61
171,Livia,47.15,29.26,18.23,35.30,32.86,1359.06
198,Liviana,21.49,25.44,63.85,21.22,42.55,504.21
991,Liz,33.68,45.15,9.39,99.39,53.19,1465.23
381,Lizbeth,39.67,29.18,23.07,80.47,44.03,1097.83
551,Lizeth,47.82,24.31,64.40,87.40,39.92,1050.74
602,Logan,23.18,23.07,84.57,96.14,84.65,438.84
211,Lola,12.07,29.00,60.61,66.78,36.31,258.81
228,London,56.70,44.46,77.12,30.37,88.43,2501.70
370,Londyn,55.97,42.95,7.29,14.62,49.29,2431.25
801,Lorelei,24.42,20.03,38.11,95.07,75.08,431.15
715,Lucia,17.09,51.46,84.69,43.17,59.75,811.36
620,Luciana,23.33,50.95,98.75,4.59,56.56,1141.81
996,Lucille,54.49,28.46,55.74,35.52,58.43,1517.88
808,Lucy,31.98,24.04,98.21,15.47,93.67,748.69
125,Luisa,36.01,34.93,24.69,96.03,40.34,1177.63
665,Lumi,39.89,25.22,66.95,10.68,54.10,982.35
528,Luna,30.36,24.27,44.59,12.94,54.61,733.85
642,Luz,18.63,38.48,78.56,77.89,94.97,655.45
782,Lyanna,21.48,44.09,40.47,52.30,35.04,889.32
478,Lydia,58.18,47.40,4.10,67.82,86.58,2772.39
380,Lyla,18.64,27.55,46.06,71.74,34.94,430.61
448,Lylah,33.73,26.67,89.70,88.52,33.07,754.65
728,Lyra,26.36,25.17,64.64,40.14,97.46,656.12
274,Mabel,28.61,42.43,80.87,42.09,45.57,1136.30
420,Mackenzie,57.05,48.21,56.41,18.10,8.19,2684.37
708,Maddison,33.54,31.49,84.56,81.54,87.62,977.59
309,Madeleine,59.75,35.78,85.44,75.11,77.03,2054.56
407,Madeline,35.06,45.75,45.78,2.74,10.66,1565.92
400,Madelyn,54.61,46.13,72.44,56.71,46.18,2436.29
858,Madilyn,42.90,46.97,12.58,46.98,83.66,2039.06
114,Madison,59.54,59.44,95.71,79.97,10.58,3374.02
298,Mae,13.66,54.86,84.17,91.58,25.98,599.71
87,Maeve,17.06,42.25,67.21,9.84,58.96,702.64
952,Magdalena,35.66,48.09,73.10,94.74,1.85,1548.61
679,Magnolia,26.67,44.34,80.48,57.84,68.79,1112.91
984,Maisie,17.70,23.44,22.97,39.46,98.03,450.31
823,Makayla,16.57,49.51,23.09,54.09,90.86,834.24
791,Makenzie,48.13,35.34,29.86,52.68,78.45,1696.89
622,Malani,59.16,53.69,73.34,20.67,9.62,3092.04
893,Malaya,43.50,51.03,43.34,32.20,45.35,2189.67
654,Malayah,31.51,44.55,45.68,33.13,85.50,1410.20
392,Malaysia,50.63,33.41,84.91,61.79,31.63,1576.60
471,Maleah,22.36,47.97,64.55,96.34,53.16,965.04
898,Malia,39.12,53.89,40.22,8.81,1.39,2060.87
806,Maliah,50.20,59.47,37.87,38.77,1.08,2909.96
358,Maliyah,53.37,21.16,51.31,30.35,25.14,1073.12
634,Malka,41.34,55.51,32.21,98.89,85.87,2249.82
525,Marbella,47.04,45.80,14.39,38.15,93.26,2195.20
482,Marceline,32.64,37.74,90.80,76.64,89.58,1154.02
882,Maren,54.38,35.60,75.18,44.81,92.93,1908.81
675,Margo,53.79,33.77,75.35,43.53,43.24,1740.82
285,Margot,51.75,22.43,70.33,61.57,60.60,1089.54
923,Maria,23.10,59.70,39.30,93.41,75.25,1321.37
847,Mariah,39.80,52.17,85.79,34.97,65.56,2021.29
787,Mariana,14.95,31.82,17.86,95.05,66.30,429.15
205,Marilyn,54.08,41.08,73.29,21.58,10.61,2137.36
873,Marina,19.57,51.98,40.88,34.10,24.29,966.37
225,Marisol,11.25,23.02,23.13,83.71,0.53,152.73
672,Mariyah,21.99,35.98,52.20,20.91,86.71,804.75
131,Marleigh,36.94,27.37,86.48,94.99,18.19,847.65
137,Marlen,12.93,23.48,92.53,30.61,80.84,261.33
152,Marley,34.07,54.30,46.40,79.83,11.33,1735.05
552,Marlie,15.95,38.94,40.07,68.87,73.53,585.83
34,Marlow,13.87,23.61,3.39,53.82,56.91,327.26
197,Martha,19.20,58.39,49.33,13.67,99.04,1157.14
512,Mary,42.44,29.24,18.81,47.90,25.09,1199.03
570,Mavis,34.52,59.02,10.98,22.51,96.63,2100.40
689,Maya,28.24,39.08,4.23,61.86,5.67,1043.15
118,Maycie,24.14,20.77,50.36,92.29,31.01,389.73
387,Maylee,24.86,27.35,5.23,87.09,33.74,621.50
441,Mckenzie,43.77,48.96,74.38,93.46,21.80,1996.98
270,Mckinley,31.51,50.17,44.16,33.73,48.27,1551.50
325,Melody,32.73,55.18,13.43,45.64,59.94,1806.71
713,Mercy,47.99,55.41,90.74,27.13,73.13,2614.52
402,Mia,22.22,49.24,80.80,28.52,67.99,1052.70
49,Miah,47.54,51.26,13.17,63.89,60.24,2420.11
717,Micaela,35.08,34.07,44.00,99.21,98.26,1150.34
208,Micah,59.83,52.35,79.87,67.50,79.31,3063.66
487,Michaela,34.87,26.29,60.38,27.27,93.31,922.38
771,Michelle,28.60,38.69,71.03,26.95,12.53,1021.03
46,Mikaela,56.40,41.05,39.83,27.31,51.45,2299.79
436,Mikayla,59.92,46.41,77.23,80.71,98.41,2721.43
236,Mila,43.40,23.94,9.44,23.92,53.98,1059.71
564,Milan,37.86,23.47,87.35,42.75,62.32,820.55
63,Millie,16.91,47.40,64.18,69.20,8.77,676.81
798,Mina,50.24,29.25,96.85,81.99,48.09,1338.65
453,Mira,28.51,37.84,8.31,20.74,71.19,1120.91
103,Miriam,31.97,40.24,33.67,52.93,44.28,1244.15
650,Miya,16.63,49.40,20.84,32.73,80.36,848.26
28,Molly,35.56,49.22,88.54,62.96,27.48,1626.26
12,Monica,20.54,49.14,5.58,34.02,86.62,1056.43
958,Monroe,17.57,45.33,69.08,75.72,34.87,686.46
836,Monserrat,35.27,46.57,89.09,19.86,93.32,1626.96
520,Morgan,51.19,45.57,24.65,44.36,49.93,2314.00
946,Mya,47.81,54.89,4.64,5.07,91.47,2706.13
861,Myka,48.80,21.69,46.22,97.35,89.58,1004.30
660,Mylah,30.29,55.48,67.88,61.94,37.96,1588.25
134,Mylee,53.02,47.05,76.99,29.76,28.98,2416.48
585,Mylene,58.59,51.81,12.62,80.54,60.85,3003.04
78,Myra,37.78,37.85,79.82,28.11,63.05,1385.38
927,Nadia,49.54,38.46,88.87,57.15,30.87,1789.98
344,Nailah,52.01,27.73,73.06,68.09,79.35,1380.54
829,Nalah,36.06,56.83,38.86,53.55,62.21,2019.25
683,Nalani,17.59,33.02,75.52,16.15,18.15,507.24
289,Nancy,22.55,20.28,1.28,6.67,58.59,507.80
30,Naomi,17.56,50.64,3.45,88.39,79.39,876.97
378,Natalia,10.31,59.81,5.30,31.24,32.99,612.84
658,Natalie,36.50,59.90,12.78,40.98,33.60,2166.37
248,Nataly,13.75,41.27,53.79,0.77,19.60,532.74
870,Natalya,32.97,57.65,53.35,83.16,32.51,1796.92
978,Nathalie,37.91,28.50,68.08,22.11,61.32,1051.46
587,Nathaly,48.16,43.94,58.31,28.88,1.97,2031.14
130,Naveah,11.72,33.31,79.52,70.53,3.12,243.56
21,Navy,32.08,29.70,20.98,93.83,38.66,876.70
754,Navya,42.64,44.27,35.76,97.71,8.48,1762.77
615,Nayeli,59.41,28.85,37.95,52.35,95.14,1718.94
284,Nevaeh,26.82,52.33,39.89,52.15,75.58,1387.20
997,Neveah,38.00,48.28,81.29,37.05,80.91,1797.00
577,Nia,41.79,58.31,41.19,31.29,54.70,2418.96
39,Nicole,14.78,29.48,5.18,1.80,69.73,498.32
210,Nicolle,32.07,37.54,13.28,44.82,22.28,1168.27
254,Nina,20.35,45.53,56.65,4.59,75.25,940.60
914,Noah,37.93,56.21,20.71,25.17,46.35,2132.36
8,Noella,54.18,54.44,31.63,40.72,49.22,2926.85
855,Noemi,18.59,55.88,81.55,10.72,27.89,974.58
409,Nola,18.28,58.49,62.27,31.47,81.55,1056.90
645,Nora,41.71,20.17,93.71,0.62,86.72,833.70
147,Norah,27.71,26.43,75.21,91.99,47.80,613.02
65,Nova,13.93,36.90,22.79,1.84,31.72,521.27
901,Novalee,38.78,39.32,54.86,35.13,1.16,1436.04
610,Nya,42.84,33.92,95.91,61.38,11.51,1307.35
949,Nyasia,53.70,36.11,74.29,6.42,81.98,1940.26
456,Nyla,25.21,47.23,75.31,53.71,70.23,1131.95
900,Nylah,37.60,44.97,94.03,99.48,45.72,1543.19
841,Oaklee,33.43,30.61,99.34,42.00,82.42,964.51
838,Oakley,30.58,29.64,3.06,13.75,87.82,977.55
447,Oaklynn,31.16,51.82,0.35,63.18,6.61,1557.86
576,Octavia,32.32,49.69,40.16,17.41,70.15,1618.46
260,Olive,48.52,23.28,48.61,7.10,48.87,1122.78
27,Ophelia,12.37,55.22,15.88,5.23,9.83,671.91
814,Paige,38.35,47.25,68.32,5.29,46.46,1784.76
89,Paislee,27.58,24.35,41.56,10.27,57.83,677.47
473,Paisleigh,16.13,59.88,62.15,25.81,70.44,948.02
13,Paityn,17.97,34.20,61.00,52.30,88.86,590.19
962,Palmer,12.53,35.55,40.99,99.95,65.06,369.43
919,Paris,58.33,45.61,18.26,43.81,36.35,2634.84
884,Parker,26.32,56.88,92.44,95.61,49.58,1358.35
863,Patricia,46.01,33.07,80.85,16.64,90.65,1514.57
957,Paulina,53.43,29.87,64.03,53.19,8.57,1487.11
305,Payton,36.09,23.23,1.95,96.20,50.54,790.83
546,Penny,25.79,40.68,67.48,20.00,94.89,1056.32
280,Pepper,29.48,32.08,86.75,85.92,92.19,865.24
200,Perry,49.51,32.60,76.98,57.91,12.15,1491.34
455,Peyton,28.67,47.98,1.91,28.10,75.72,1421.50
902,Phoenix,51.93,50.60,12.07,86.58,82.42,2611.46
519,Poppy,56.22,52.86,69.06,23.15,18.95,2898.84
561,Posie,39.23,37.56,19.00,94.56,47.54,1407.12
22,Preslee,12.97,46.08,1.79,33.21,9.32,571.98
123,Presley,34.27,21.09,44.83,99.18,37.63,616.47
515,Princess,29.98,40.46,67.31,80.49,3.03,1068.11
981,Priscilla,12.71,20.72,17.94,40.25,85.29,290.35
51,Promise,55.26,31.60,50.14,0.47,8.87,1704.66
279,Queen,19.37,51.16,38.44,41.23,72.93,984.29
266,Quinn,36.17,53.94,37.95,95.19,29.90,1847.92
117,Rachel,42.40,23.66,46.97,17.83,39.49,977.88
767,Raegan,51.88,59.67,27.01,25.28,76.71,3119.97
403,Raelyn,49.88,34.07,54.70,13.95,21.91,1652.94
391,Raelynn,40.46,28.19,28.27,8.45,96.97,1200.81
974,Raleigh,28.15,40.33,43.79,22.83,5.31,1074.06
180,Raquel,20.16,46.82,28.56,13.99,7.91,908.96
166,Raven,50.65,56.94,98.08,52.07,61.46,2795.52
631,Raya,30.02,55.41,21.19,53.39,79.46,1668.07
571,Rayna,15.63,54.67,71.40,65.69,78.99,796.60
342,Rayne,44.60,30.04,49.47,84.18,23.16,1229.40
711,Rebecca,46.11,55.28,32.95,76.88,52.49,2491.49
139,Rebekah,43.29,30.15,43.91,57.85,65.40,1268.96
192,Reese,54.63,44.08,40.03,55.52,13.37,2326.23
574,Reeva,11.89,31.25,35.80,87.46,3.85,252.31
102,Regina,11.12,46.45,79.55,56.42,20.68,401.05
229,Reina,52.75,25.00,75.93,45.43,51.22,1248.66
328,Remi,19.83,32.35,67.16,1.60,50.95,623.75
335,Remington,13.26,49.56,28.48,92.77,68.68,604.49
120,Remy,16.18,46.28,33.62,57.79,80.46,738.08
470,Renee,18.45,53.57,15.80,92.97,69.64,949.39
150,Reyna,48.18,22.39,64.04,79.50,74.78,1009.82
500,Rhea,31.86,48.58,23.66,2.55,95.85,1617.14
183,Rhyan,31.20,39.66,22.63,89.86,55.64,1180.53
55,Riah,53.91,40.57,75.13,41.25,3.34,2073.77
896,Riley,35.42,30.51,37.59,13.80,10.16,1039.25
181,Rita,57.75,40.62,0.47,56.58,72.56,2361.57
11,River,30.72,41.58,30.34,72.35,29.15,1203.96
621,Rivka,40.15,25.87,35.28,6.25,42.36,1039.57
854,Riya,20.78,57.05,55.33,7.54,94.00,1216.29
970,Rory,13.66,44.14,34.12,82.44,94.70,580.97
837,Rosa,26.81,50.04,20.51,21.27,88.96,1388.58
818,Rosalia,29.74,54.88,7.89,41.46,10.15,1593.00
390,Rosalie,48.77,43.10,28.27,93.85,3.03,1983.13
217,Rosalina,25.56,29.89,32.20,53.25,7.06,685.54
314,Rosalind,11.33,41.99,66.66,80.84,92.84,420.94
769,Rosalyn,57.52,54.30,51.54,55.58,99.54,3115.90
250,Rosalynn,36.17,41.40,21.88,47.22,49.63,1478.09
474,Rose,26.54,23.43,49.47,6.01,60.78,627.29
496,Roselyn,27.79,24.69,11.68,22.91,71.18,722.90
24,Rosemary,47.75,46.37,73.28,73.27,28.93,2096.50
259,Rosie,49.36,49.18,13.69,73.35,84.18,2424.66
598,Rowan,21.82,43.64,2.93,92.14,32.24,889.33
133,Roxanne,48.83,37.25,32.45,62.63,88.57,1812.37
954,Royal,52.44,30.55,76.63,7.49,7.60,1525.70
167,Royalty,48.87,37.75,13.33,72.51,33.17,1791.91
775,Ruby,16.95,48.77,86.35,8.48,24.65,756.52
231,Ruth,26.90,29.56,0.24,47.36,99.49,847.10
365,Ryan,53.36,47.34,18.13,32.68,53.33,2528.72
951,Ryann,29.41,35.49,13.64,14.71,11.96,1027.52
569,Rylan,57.75,37.99,2.78,51.89,22.93,2162.00
187,Ryleigh,49.01,50.53,47.63,36.03,32.22,2424.66
612,Rylie,54.26,25.24,57.18,31.13,75.13,1356.13
563,Rylynn,21.87,42.97,60.59,71.95,42.60,849.99
888,Saanvi,25.35,48.42,77.74,92.73,72.92,1129.96
461,Sabrina,29.14,50.54,93.04,79.62,12.95,1312.85
350,Sadie,10.60,59.41,8.46,35.06,11.29,597.55
146,Saige,56.01,55.80,26.08,99.86,99.05,3098.81
595,Salem,27.79,36.94,41.81,32.03,90.28,1043.12
750,Samara,22.13,54.77,93.14,56.80,18.39,1080.63
662,Samaria,42.54,55.00,29.88,99.39,48.41,2258.44
536,Samiyah,16.06,59.79,56.74,71.37,7.53,839.60
916,Sanai,21.21,32.61,69.08,29.08,78.99,672.55
707,Sandra,12.28,21.18,62.56,6.47,78.08,268.97
924,Saniya,24.63,50.86,15.39,94.97,64.62,1206.78
511,Saniyah,48.14,30.34,95.50,91.64,76.68,1350.05
971,Santana,25.23,45.59,36.64,97.09,5.19,1021.98
529,Saphira,40.39,50.94,5.29,81.74,97.64,2068.40
393,Sara,27.84,20.78,12.24,19.76,41.57,588.04
356,Sarah,24.94,27.93,75.81,26.41,58.84,653.18
983,Sarai,17.27,20.21,98.08,28.74,2.82,224.93
276,Sariah,22.12,52.02,78.82,8.49,8.14,1071.62
800,Sarina,36.46,20.40,71.92,58.77,4.72,617.59
144,Sariya,43.19,48.23,65.17,92.43,33.04,1958.84
302,Sariyah,10.59,46.95,77.12,35.49,12.66,397.31
372,Sasha,31.14,21.01,15.89,90.23,42.96,590.97
195,Savannah,31.11,28.39,68.31,33.11,99.29,880.90
190,Sawyer,52.05,55.75,13.11,73.10,69.37,2885.17
435,Saylor,59.71,25.60,96.58,63.32,54.79,1423.19
4,Scarlett,56.52,58.25,32.23,98.35,80.99,3242.83
480,Scarlette,29.83,38.25,12.71,52.88,49.34,1124.61
803,Scout,51.31,35.46,45.00,69.11,14.14,1719.15
253,Selah,47.93,47.27,68.45,46.95,96.07,2246.37
105,Selena,12.22,39.27,14.77,71.46,95.66,489.36
852,Selene,55.80,44.73,24.01,47.74,42.34,2466.43
363,Seraphina,48.46,23.92,36.02,93.93,73.22,1102.44
680,Serenity,48.63,48.58,81.02,19.45,80.93,2342.72
772,Shania,20.40,49.80,11.07,12.11,17.08,1009.58
62,Sharon,42.71,37.66,31.91,45.11,17.89,1549.36
573,Shay,55.47,25.90,13.97,62.26,37.28,1397.61
202,Shelby,24.30,41.25,37.21,89.29,91.00,967.00
71,Shiloh,34.72,24.29,7.11,30.15,27.62,833.54
764,Siena,44.30,50.89,77.64,54.42,71.22,2193.78
61,Sienna,44.55,50.94,52.67,59.91,97.44,2254.47
879,Silvia,30.04,42.47,37.54,16.18,7.77,1229.98
318,Siri,30.68,51.69,38.22,79.82,40.70,1508.29
50,Skai,56.05,26.59,58.60,65.07,26.44,1393.02
768,Sky,15.58,59.12,20.43,64.28,74.86,911.05
287,Skye,52.22,45.29,91.45,17.53,63.77,2319.84
161,Skyla,46.01,30.13,88.07,41.50,73.34,1329.91
348,Skylar,50.13,55.63,2.80,81.34,13.82,2718.39
241,Skyler,22.38,34.21,57.04,68.98,23.34,662.84
532,Sloan,10.69,47.23,74.87,60.87,59.02,428.17
906,Sloane,49.26,23.60,17.93,95.91,66.22,1114.76
20,Sofia,18.65,31.62,34.55,94.97,79.11,539.50
505,Sofie,51.66,46.32,98.29,99.80,29.77,2224.30
866,Sonia,10.50,49.39,61.87,26.08,66.25,497.00
653,Sonja,56.53,21.85,44.52,25.29,79.69,1244.89
676,Sophia,44.55,48.23,17.33,8.55,0.37,2123.06
256,Sophie,31.03,21.56,53.83,0.56,42.62,657.16
338,Soraya,43.19,56.42,91.13,69.74,64.97,2340.70
725,Stella,30.01,49.74,50.47,57.81,13.31,1397.89
454,Suki,23.83,35.13,46.48,64.65,73.59,799.55
701,Summer,57.42,28.75,35.74,90.23,92.43,1616.98
295,Sunny,49.24,44.62,60.09,11.92,77.08,2202.11
714,Sutton,44.91,33.82,2.56,79.55,87.70,1524.14
538,Sydney,37.30,51.37,65.31,11.58,91.18,1930.46
868,Sylvia,46.83,38.70,20.06,55.86,98.42,1835.12
530,Sylvie,57.46,46.65,27.74,94.40,98.48,2657.04
311,Talia,27.21,51.69,3.32,43.88,56.09,1415.50
550,Taliah,17.24,52.90,21.09,71.15,8.12,827.83
748,Taliyah,22.96,40.89,90.07,15.39,42.77,876.05
674,Tanya,27.82,48.66,82.38,13.80,89.76,1347.24
965,Tara,41.48,47.13,90.92,53.29,63.18,1873.94
945,Tatum,42.89,22.59,97.02,14.81,18.24,875.33
523,Taya,59.93,37.17,34.24,78.75,98.25,2212.83
227,Teagan,49.27,36.73,34.29,86.87,90.73,1779.07
375,Tegan,27.99,37.94,28.96,80.54,64.53,1016.87
606,Tenley,26.76,38.33,35.71,53.30,62.94,999.67
619,Teresa,42.56,51.17,28.05,46.54,82.68,2185.90
301,Thea,44.51,33.57,79.91,93.54,12.90,1333.64
895,Tiffany,33.07,46.54,17.97,61.00,32.30,1492.45
887,Tinley,24.10,49.50,46.44,3.10,22.32,1165.89
308,Tinsley,11.82,58.72,81.04,0.57,19.15,631.71
915,Toni,52.15,36.74,3.34,64.98,27.09,1874.85
194,Trinity,16.99,31.62,55.52,34.36,33.31,480.66
839,Twyla,55.70,54.99,12.07,61.70,39.42,3028.54
345,Valentina,17.00,56.42,45.56,5.05,63.44,971.79
19,Valeria,44.93,48.29,8.22,68.79,33.68,2126.66
357,Valerie,26.47,40.88,92.03,93.12,6.52,903.39
936,Vanessa,24.09,32.02,86.16,11.34,94.17,768.17
212,Veda,22.22,20.49,40.46,89.90,31.93,356.70
840,Vera,58.71,52.93,62.42,25.26,48.19,3068.30
739,Veronica,30.54,38.25,82.05,70.10,9.55,1025.56
875,Victoria,10.31,25.66,28.03,79.19,28.29,185.65
258,Vienna,18.87,57.24,22.39,61.34,96.57,1092.92
756,Viola,39.78,37.57,57.17,3.58,98.75,1532.45
141,Violet,45.45,21.44,68.95,43.30,62.74,924.74
774,Violeta,10.22,25.91,49.25,35.51,54.68,234.79
290,Vivian,22.49,33.97,43.21,12.75,49.96,758.08
543,Viviana,47.04,43.71,26.00,39.89,45.20,2035.30
822,Vivienne,13.74,22.09,66.61,76.85,53.19,213.21
604,Wendy,50.71,23.12,40.80,2.35,67.81,1197.38
215,Whitney,53.26,50.73,25.41,67.72,57.59,2665.98
430,Willa,19.74,42.51,86.05,73.05,73.79,754.02
364,Willow,31.01,22.38,20.52,69.80,25.68,629.39
419,Winter,48.88,37.37,93.88,4.79,55.58,1783.39
162,Wren,29.23,30.91,45.20,25.29,54.99,887.95
395,Ximena,57.98,25.40,41.29,33.95,9.84,1407.49
221,Xiomara,55.04,39.06,86.28,8.18,46.21,2101.57
503,Yael,46.03,22.01,11.85,13.78,97.65,1085.00
734,Yamila,23.94,25.78,65.75,17.15,58.55,592.99
14,Yamileth,48.24,49.16,84.56,6.56,80.97,2361.25
173,Yara,36.93,40.16,70.62,9.40,50.94,1454.15
778,Yareli,49.32,37.24,47.26,72.75,33.93,1750.42
824,Yaretzi,28.51,43.35,90.11,4.05,67.28,1209.22
849,Yasmin,58.15,30.97,78.18,57.60,86.71,1751.87
72,Yasmina,57.38,45.23,55.63,23.93,83.91,2599.41
932,Yazmin,24.41,31.76,4.55,17.88,81.44,834.34
398,Zahara,14.91,55.37,18.43,23.92,63.88,847.25
1000,Zahra,28.50,29.07,85.90,93.19,14.39,663.90
682,Zainab,48.88,43.29,70.58,56.26,35.69,2024.88
670,Zamira,52.98,25.69,80.99,34.88,8.06,1252.90
90,Zaniya,18.27,31.98,57.28,61.98,77.53,542.42
633,Zaniyah,33.62,35.73,5.16,11.76,20.19,1204.30
244,Zara,13.42,26.42,49.03,55.32,32.61,282.85
743,Zariah,37.51,43.68,21.13,74.02,5.48,1549.01
704,Zariya,41.56,25.29,95.09,69.38,93.92,980.36
438,Zariyah,57.58,25.85,8.71,92.65,77.42,1464.23
812,Zayla,13.01,53.50,70.91,2.94,26.02,648.07
867,Zaylee,32.75,28.82,4.56,24.70,99.81,1014.23
510,Zelda,33.28,56.37,5.47,79.89,11.01,1801.92
605,Zinnia,52.98,42.83,20.53,89.91,7.93,2166.47
449,Ziva,35.20,41.85,10.42,10.95,34.73,1486.39
584,Zoe,24.28,56.15,38.47,24.95,93.83,1393.66
106,Zoey,57.45,31.06,16.93,1.63,77.61,1843.64
179,Zoie,59.94,43.01,97.47,88.62,94.56,2486.72
32,Zora,29.34,22.92,66.13,87.12,36.69,555.96
184,Zoya,19.89,32.25,28.49,39.76,11.71,584.95
304,Zuri,27.23,53.20,89.62,68.24,24.21,1314.93
